{
  "rulesDirectory": [
    "node_modules/codelyzer"
  ],
  "rules": {
    "class-name": true,
    "curly": false,
    "eofline": false,
    "indent": "spaces",
    "max-line-length": [
      true,
      140
    ],
    "member-ordering": [
      true,
      "public-before-private",
      "static-before-instance",
      "variables-before-functions"
    ],
    "no-arg": true,
    "no-construct": true,
    "no-duplicate-variable": true,
    "no-empty": true,
    "no-eval": true,
    "no-trailing-whitespace": true,
    "no-unused-expression": true,
    "one-line": [
      true,
      "check-open-brace",
      "check-catch",
      "check-else",
      "check-whitespace"
    ],
    "quotemark": [
      true,
      "single"
    ],
    "semicolon": true,
    "triple-equals": [
      true,
      "allow-null-check"
    ],
    "variable-name": false,
    "whitespace": [
      true,
      "check-branch",
      "check-decl",
      "check-operator",
      "check-separator",
      "check-type"
    ],
    "typedef": [
      true,
      "call-signature",
      "parameter",
      "property-declaration",
      "variable-declaration",
      "member-variable-declaration"
    ],
    "directive-selector": [true, "attribute", "mwl", "camelCase"],
    "component-selector": [true, "element", "mwl", "kebab-case"],
    "use-input-property-decorator": true,
    "use-output-property-decorator": true,
    "use-host-property-decorator": false,
    "no-attribute-parameter-decorator": true,
    "no-input-rename": true,
    "no-output-rename": true,
    "no-forward-ref": true,
    "use-life-cycle-interface": true,
    "use-pipe-transform-interface": true,
    "pipe-naming": [true, "camelCase", "mwl"],
    "component-class-suffix": true,
    "directive-class-suffix": true,
    "import-destructuring-spacing": true,
    "templates-use-public": true,
    "no-access-missing-member": false,
    "invoke-injectable": true
  }
}
